,Experiment,Rep,Pos,Value
0,WT,Rep1,-50,1.3398914810343925
1,WT,Rep1,-49,1.322249840225883
2,WT,Rep1,-48,1.3202538723085324
3,WT,Rep1,-47,1.3015027767474172
4,WT,Rep1,-46,1.210329750670418
5,WT,Rep1,-45,1.1856885750938246
6,WT,Rep1,-44,1.1946097295388178
7,WT,Rep1,-43,1.2671912347140055
8,WT,Rep1,-42,1.1727665416194168
9,WT,Rep1,-41,1.147500191076425
10,WT,Rep1,-40,1.0984562033220744
11,WT,Rep1,-39,1.11427568699171
12,WT,Rep1,-38,1.064853315408537
13,WT,Rep1,-37,1.019154133247337
14,WT,Rep1,-36,1.0698425489399646
15,WT,Rep1,-35,1.0380848369579727
16,WT,Rep1,-34,0.96897373008208
17,WT,Rep1,-33,0.9662745335365508
18,WT,Rep1,-32,1.0354855028622052
19,WT,Rep1,-31,0.9331383869903156
20,WT,Rep1,-30,0.9653821464445534
21,WT,Rep1,-29,0.9418384459336132
22,WT,Rep1,-28,0.911787970072554
23,WT,Rep1,-27,0.8335462167385262
24,WT,Rep1,-26,0.9225866642630396
25,WT,Rep1,-25,0.9424749588152808
26,WT,Rep1,-24,0.8807806036686762
27,WT,Rep1,-23,0.9541419671432996
28,WT,Rep1,-22,0.7847921676263673
29,WT,Rep1,-21,0.94905501876858
30,WT,Rep1,-20,0.9645865696783504
31,WT,Rep1,-19,0.8469915217916368
32,WT,Rep1,-18,0.8847131355273283
33,WT,Rep1,-17,0.907524630426231
34,WT,Rep1,-16,0.959147157491016
35,WT,Rep1,-15,0.8883433781718444
36,WT,Rep1,-14,0.8608808043931171
37,WT,Rep1,-13,0.8792412062114554
38,WT,Rep1,-12,0.8273096439608573
39,WT,Rep1,-11,0.8361792712231148
40,WT,Rep1,-10,0.7915619251340916
41,WT,Rep1,-9,0.8562634534425176
42,WT,Rep1,-8,0.7683587096246264
43,WT,Rep1,-7,0.8172091733704234
44,WT,Rep1,-6,0.7764054052157183
45,WT,Rep1,-5,0.8033333272219733
46,WT,Rep1,-4,0.8727094032957183
47,WT,Rep1,-3,0.8459535243949191
48,WT,Rep1,-2,0.8926561460406383
49,WT,Rep1,-1,0.8141853095799126
50,WT,Rep1,0,0.8209129736465622
51,WT,Rep1,1,0.8250045618682083
52,WT,Rep1,2,0.8774617517694024
53,WT,Rep1,3,0.8187638574137537
54,WT,Rep1,4,0.858330024406696
55,WT,Rep1,5,0.8248703393409051
56,WT,Rep1,6,0.8490155477814635
57,WT,Rep1,7,0.9294136348573212
58,WT,Rep1,8,0.8942178173209633
59,WT,Rep1,9,0.8540329648056386
60,WT,Rep1,10,0.772680562826683
61,WT,Rep1,11,0.8241530215788377
62,WT,Rep1,12,0.828742734985568
63,WT,Rep1,13,0.9458545213997086
64,WT,Rep1,14,0.9687282749553106
65,WT,Rep1,15,0.9385838921650732
66,WT,Rep1,16,0.9633554688992858
67,WT,Rep1,17,0.9001307102077143
68,WT,Rep1,18,0.9974294639864544
69,WT,Rep1,19,0.8827676139207045
70,WT,Rep1,20,0.9762721322108102
71,WT,Rep1,21,0.970815351476175
72,WT,Rep1,22,0.9696021868871054
73,WT,Rep1,23,0.9928481761063384
74,WT,Rep1,24,0.9774980649947967
75,WT,Rep1,25,0.9819115656354296
76,WT,Rep1,26,1.0110210322875646
77,WT,Rep1,27,0.9860285503632332
78,WT,Rep1,28,1.0548392818724348
79,WT,Rep1,29,1.0290442802677455
80,WT,Rep1,30,1.1268385534372711
81,WT,Rep1,31,1.1123960259809709
82,WT,Rep1,32,1.048051082622678
83,WT,Rep1,33,1.0125482738141145
84,WT,Rep1,34,1.0465588234047325
85,WT,Rep1,35,1.152713203198844
86,WT,Rep1,36,1.1490538687685237
87,WT,Rep1,37,1.1014245283067996
88,WT,Rep1,38,1.1257009816094992
89,WT,Rep1,39,1.2014474732744171
90,WT,Rep1,40,1.1381622920036694
91,WT,Rep1,41,1.2001850842371626
92,WT,Rep1,42,1.2681386539620698
93,WT,Rep1,43,1.2082483309309011
94,WT,Rep1,44,1.2765021816372093
95,WT,Rep1,45,1.2129758488039957
96,WT,Rep1,46,1.2676981471825777
97,WT,Rep1,47,1.2733335734559954
98,WT,Rep1,48,1.356355246414677
99,WT,Rep1,49,1.325312384981958
100,WT,Rep1,50,1.4069651242616523
101,WT,Rep1,51,1.410820622072835
102,WT,Rep1,52,1.386753499950366
103,WT,Rep1,53,1.3648554652326932
104,WT,Rep1,54,1.4391620530192086
105,WT,Rep1,55,1.450607646223572
106,WT,Rep1,56,1.449342600508262
107,WT,Rep1,57,1.4947060078890777
108,WT,Rep1,58,1.4633521535477605
109,WT,Rep1,59,1.4762052173343707
110,WT,Rep1,60,1.5383645420003076
111,WT,Rep1,61,1.56360794500099
112,WT,Rep1,62,1.62773786934869
113,WT,Rep1,63,1.6052327309855408
114,WT,Rep1,64,1.5572214063959364
115,WT,Rep1,65,1.6629058006833646
116,WT,Rep1,66,1.6035789489505596
117,WT,Rep1,67,1.65769327241428
118,WT,Rep1,68,1.6814907972326727
119,WT,Rep1,69,1.6998345676627529
120,WT,Rep1,70,1.678522210757701
121,WT,Rep1,71,1.6902945868619907
122,WT,Rep1,72,1.7343846151258766
123,WT,Rep1,73,1.7344521875238716
124,WT,Rep1,74,1.7271776625405642
125,WT,Rep1,75,1.7579467957302088
126,WT,Rep1,76,1.7279430220553589
127,WT,Rep1,77,1.8008840088029865
128,WT,Rep1,78,1.7159721716139211
129,WT,Rep1,79,1.780867919466317
130,WT,Rep1,80,1.7692557870827197
131,WT,Rep1,81,1.7757129690049724
132,WT,Rep1,82,1.8118874719163007
133,WT,Rep1,83,1.8013747085966976
134,WT,Rep1,84,1.707439915834785
135,WT,Rep1,85,1.7898212918468437
136,WT,Rep1,86,1.762040082147957
137,WT,Rep1,87,1.7090435633071035
138,WT,Rep1,88,1.726477285366684
139,WT,Rep1,89,1.7484956109436416
140,WT,Rep1,90,1.7655263327121853
141,WT,Rep1,91,1.727257957056542
142,WT,Rep1,92,1.7434131754391748
143,WT,Rep1,93,1.7088167403428671
144,WT,Rep1,94,1.754492342506767
145,WT,Rep1,95,1.666460819298473
146,WT,Rep1,96,1.679544495627183
147,WT,Rep1,97,1.6680044990607084
148,WT,Rep1,98,1.593735399969863
149,WT,Rep1,99,1.6048278177974895
150,WT,Rep1,100,1.547762454382774
151,WT,Rep1,101,1.6031284978209392
152,WT,Rep1,102,1.512458323820144
153,WT,Rep1,103,1.582543846128461
154,WT,Rep1,104,1.5765516650909193
155,WT,Rep1,105,1.5786134015170723
156,WT,Rep1,106,1.501072428723588
157,WT,Rep1,107,1.4485152934818382
158,WT,Rep1,108,1.4166878118347217
159,WT,Rep1,109,1.4355265747371238
160,WT,Rep1,110,1.4824405162786862
161,WT,Rep1,111,1.4168691531456636
162,WT,Rep1,112,1.3962906931020391
163,WT,Rep1,113,1.2781021844750344
164,WT,Rep1,114,1.351784635748692
165,WT,Rep1,115,1.2892056888630836
166,WT,Rep1,116,1.2888606670093437
167,WT,Rep1,117,1.2269688088021211
168,WT,Rep1,118,1.2108040036804302
169,WT,Rep1,119,1.214232261765998
170,WT,Rep1,120,1.228743292485638
171,WT,Rep1,121,1.1945651178500036
172,WT,Rep1,122,1.2027294072126815
173,WT,Rep1,123,1.1874011803350202
174,WT,Rep1,124,1.163784709232858
175,WT,Rep1,125,1.156294387788628
176,WT,Rep1,126,1.102558237538039
177,WT,Rep1,127,1.0413788391388654
178,WT,Rep1,128,1.0657405991634403
179,WT,Rep1,129,1.0292875516702866
180,WT,Rep1,130,0.9854024818686722
181,WT,Rep1,131,0.9752679027173816
182,WT,Rep1,132,0.9983666672913252
183,WT,Rep1,133,0.992812883092486
184,WT,Rep1,134,1.0839686381010154
185,WT,Rep1,135,0.9646641505745392
186,WT,Rep1,136,0.9852792541745194
187,WT,Rep1,137,0.9398683011716312
188,WT,Rep1,138,0.8609548798440866
189,WT,Rep1,139,0.9783232399539904
190,WT,Rep1,140,0.911036798675084
191,WT,Rep1,141,0.8613001556235562
192,WT,Rep1,142,0.9205658076077676
193,WT,Rep1,143,0.8702227674693278
194,WT,Rep1,144,0.8954698015801513
195,WT,Rep1,145,0.954473547280992
196,WT,Rep1,146,0.8140966297398892
197,WT,Rep1,147,0.8333060964960461
198,WT,Rep1,148,0.8148108476978098
199,WT,Rep1,149,0.8300337138667117
200,WT,Rep1,150,0.8324368248024074
201,WT,Rep1,151,0.8016159904685489
202,WT,Rep1,152,0.8830184418058579
203,WT,Rep1,153,0.7770326955342796
204,WT,Rep1,154,0.7653208157252022
205,WT,Rep1,155,0.7233595475035999
206,WT,Rep1,156,0.8132508205011039
207,WT,Rep1,157,0.7051838976760026
208,WT,Rep1,158,0.73699041598616
209,WT,Rep1,159,0.8289744672436572
210,WT,Rep1,160,0.8143710772750664
211,WT,Rep1,161,0.7586173135278622
212,WT,Rep1,162,0.7694456537834912
213,WT,Rep1,163,0.6738770066794869
214,WT,Rep1,164,0.7540859813000911
215,WT,Rep1,165,0.7248926022643292
216,WT,Rep1,166,0.7535644125390019
217,WT,Rep1,167,0.7334382052476314
218,WT,Rep1,168,0.8194708738961431
219,WT,Rep1,169,0.7720797987511794
220,WT,Rep1,170,0.7367899259735261
221,WT,Rep1,171,0.732872802509613
222,WT,Rep1,172,0.7178595422756526
223,WT,Rep1,173,0.7410136241990221
224,WT,Rep1,174,0.7509104763343618
225,WT,Rep1,175,0.7133292571725639
226,WT,Rep1,176,0.7266617427134894
227,WT,Rep1,177,0.818226645171355
228,WT,Rep1,178,0.7934531640871955
229,WT,Rep1,179,0.7790760520149003
230,WT,Rep1,180,0.7300953597623602
231,WT,Rep1,181,0.7911530914626003
232,WT,Rep1,182,0.8806659021402955
233,WT,Rep1,183,0.7732068786119243
234,WT,Rep1,184,0.7037826232454873
235,WT,Rep1,185,0.7416636073909963
236,WT,Rep1,186,0.7983144485248671
237,WT,Rep1,187,0.8166036167995833
238,WT,Rep1,188,0.7349253057538025
239,WT,Rep1,189,0.7881783826039862
240,WT,Rep1,190,0.8365947525517307
241,WT,Rep1,191,0.7892207843371599
242,WT,Rep1,192,0.770174076809089
243,WT,Rep1,193,0.8244081969423246
244,WT,Rep1,194,0.8060561482614618
245,WT,Rep1,195,0.891624164620611
246,WT,Rep1,196,0.8642048901821493
247,WT,Rep1,197,0.8327792916023562
248,WT,Rep1,198,0.9700841702692328
249,WT,Rep1,199,0.943078730193742
250,WT,Rep1,200,0.8764689826083631
251,WT,Rep1,201,0.9343345358126034
252,WT,Rep1,202,0.9359220886911463
253,WT,Rep1,203,0.8598848711330498
254,WT,Rep1,204,1.0000051908259897
255,WT,Rep1,205,0.9763860151020504
256,WT,Rep1,206,0.971476557492546
257,WT,Rep1,207,0.9704661817290416
258,WT,Rep1,208,0.9442215566664248
259,WT,Rep1,209,1.014696582382703
260,WT,Rep1,210,0.98822521306293
261,WT,Rep1,211,1.0061194499507642
262,WT,Rep1,212,1.114387766790962
263,WT,Rep1,213,1.1316070684088506
264,WT,Rep1,214,1.0248471461573154
265,WT,Rep1,215,1.1128359835537156
266,WT,Rep1,216,1.12233726781639
267,WT,Rep1,217,1.1654855574793026
268,WT,Rep1,218,1.1679155117740465
269,WT,Rep1,219,1.166756975475585
270,WT,Rep1,220,1.2257246388911047
271,WT,Rep1,221,1.190213943260132
272,WT,Rep1,222,1.279071323153682
273,WT,Rep1,223,1.2236792331206066
274,WT,Rep1,224,1.2392735427430883
275,WT,Rep1,225,1.338229384453337
276,WT,Rep1,226,1.2240975188903906
277,WT,Rep1,227,1.307837159670216
278,WT,Rep1,228,1.2528136862469523
279,WT,Rep1,229,1.3220422857091805
280,WT,Rep1,230,1.310130951039738
281,WT,Rep1,231,1.3589696524839756
282,WT,Rep1,232,1.336879119327819
283,WT,Rep1,233,1.4039004275800149
284,WT,Rep1,234,1.3632581612791168
285,WT,Rep1,235,1.3663263213518606
286,WT,Rep1,236,1.4350864739987723
287,WT,Rep1,237,1.4136479941103477
288,WT,Rep1,238,1.3410458025712864
289,WT,Rep1,239,1.4444844259322736
290,WT,Rep1,240,1.4257931057392863
291,WT,Rep1,241,1.4430199833263544
292,WT,Rep1,242,1.467276003821605
293,WT,Rep1,243,1.4964258970758113
294,WT,Rep1,244,1.5238747660417902
295,WT,Rep1,245,1.4981239542819051
296,WT,Rep1,246,1.5421343162717902
297,WT,Rep1,247,1.5651445120764953
298,WT,Rep1,248,1.5092726657598838
299,WT,Rep1,249,1.508836810643586
300,WT,Rep1,250,1.5672432148625048
301,WT,Rep1,251,1.5750813543590665
302,WT,Rep1,252,1.547431677917629
303,WT,Rep1,253,1.5953973520533478
304,WT,Rep1,254,1.5106573025803882
305,WT,Rep1,255,1.5444016757660703
306,WT,Rep1,256,1.5293431051080228
307,WT,Rep1,257,1.49830680031265
308,WT,Rep1,258,1.5321247908056752
309,WT,Rep1,259,1.5749369551566463
310,WT,Rep1,260,1.483795186738348
311,WT,Rep1,261,1.5680993820852356
312,WT,Rep1,262,1.572184301460918
313,WT,Rep1,263,1.4925866912289762
314,WT,Rep1,264,1.4715324679755304
315,WT,Rep1,265,1.4556346526070127
316,WT,Rep1,266,1.442948626307054
317,WT,Rep1,267,1.436738898444715
318,WT,Rep1,268,1.5103718375325816
319,WT,Rep1,269,1.458767925630024
320,WT,Rep1,270,1.48599710906037
321,WT,Rep1,271,1.4302207757993082
322,WT,Rep1,272,1.3680649047025006
323,WT,Rep1,273,1.3992200412920226
324,WT,Rep1,274,1.4179702308349336
325,WT,Rep1,275,1.4228922517134448
326,WT,Rep1,276,1.4333562756598104
327,WT,Rep1,277,1.3538575556600148
328,WT,Rep1,278,1.3070404542210303
329,WT,Rep1,279,1.314195495337888
330,WT,Rep1,280,1.3021801284158847
331,WT,Rep1,281,1.2306504026397775
332,WT,Rep1,282,1.3217021051933422
333,WT,Rep1,283,1.3053920971020485
334,WT,Rep1,284,1.2545253255686557
335,WT,Rep1,285,1.2077375368990078
336,WT,Rep1,286,1.2864794005741378
337,WT,Rep1,287,1.1983135571020578
338,WT,Rep1,288,1.1660295806366328
339,WT,Rep1,289,1.1438810516106728
340,WT,Rep1,290,1.1673901908549065
341,WT,Rep1,291,1.136540731039373
342,WT,Rep1,292,1.166675735740695
343,WT,Rep1,293,1.190091106683202
344,WT,Rep1,294,1.0711520705687183
345,WT,Rep1,295,1.1254199814724548
346,WT,Rep1,296,0.9989886424522284
347,WT,Rep1,297,1.0478364769835424
348,WT,Rep1,298,1.0351320105115156
349,WT,Rep1,299,1.053249526050418
350,WT,Rep1,300,1.0341090256147971
351,WT,Rep1,301,1.047017282243231
352,WT,Rep1,302,1.0467436094034863
353,WT,Rep1,303,1.0090546309778996
354,WT,Rep1,304,1.001953664629444
355,WT,Rep1,305,0.9111042906396324
356,WT,Rep1,306,0.8024308120755796
357,WT,Rep1,307,0.9857999957677996
358,WT,Rep1,308,0.9209330366887756
359,WT,Rep1,309,0.9477346258247692
360,WT,Rep1,310,0.912377962676008
361,WT,Rep1,311,0.9199965010462706
362,WT,Rep1,312,0.8727253962134983
363,WT,Rep1,313,0.894197332404503
364,WT,Rep1,314,0.8649307017480106
365,WT,Rep1,315,0.8952049660558472
366,WT,Rep1,316,0.9011847498670978
367,WT,Rep1,317,0.8547543897150218
368,WT,Rep1,318,0.8671953536502972
369,WT,Rep1,319,0.8784748911826196
370,WT,Rep1,320,0.8863632504657736
371,WT,Rep1,321,0.8239883596945285
372,WT,Rep1,322,0.8083938257798072
373,WT,Rep1,323,0.8022815172492876
374,WT,Rep1,324,0.8577741339274665
375,WT,Rep1,325,0.8124594378106397
376,WT,Rep1,326,0.8369351683805951
377,WT,Rep1,327,0.7786764458509241
378,WT,Rep1,328,0.8296772326448976
379,WT,Rep1,329,0.8229935898788502
380,WT,Rep1,330,0.8468482349618797
381,WT,Rep1,331,0.7801838505320191
382,WT,Rep1,332,0.7644611316674106
383,WT,Rep1,333,0.7774931645391292
384,WT,Rep1,334,0.851852295685084
385,WT,Rep1,335,0.7696234830848897
386,WT,Rep1,336,0.8256427632225891
387,WT,Rep1,337,0.8510370292819257
388,WT,Rep1,338,0.7116510966779345
389,WT,Rep1,339,0.8159915519246026
390,WT,Rep1,340,0.7495658590212211
391,WT,Rep1,341,0.7701698576806358
392,WT,Rep1,342,0.738178366387915
393,WT,Rep1,343,0.7326358463134918
394,WT,Rep1,344,0.7739492966657123
395,WT,Rep1,345,0.7496423422673452
396,WT,Rep1,346,0.753075761392425
397,WT,Rep1,347,0.775636996098417
398,WT,Rep1,348,0.7452747383891515
399,WT,Rep1,349,0.8099177382461249
400,WT,Rep1,350,0.731447700166776
401,WT,Rep1,351,0.7867046963939707
402,WT,Rep1,352,0.8006180585294828
403,WT,Rep1,353,0.7845590675873135
404,WT,Rep1,354,0.7902423473268836
405,WT,Rep1,355,0.8441413975840111
406,WT,Rep1,356,0.735906739204093
407,WT,Rep1,357,0.7575372180253568
408,WT,Rep1,358,0.8753570652317949
409,WT,Rep1,359,0.8621630832271049
410,WT,Rep1,360,0.8087549501179248
411,WT,Rep1,361,0.8302154149571571
412,WT,Rep1,362,0.8345717318992791
413,WT,Rep1,363,0.7932095782244376
414,WT,Rep1,364,0.8984923134573962
415,WT,Rep1,365,0.8494188798570438
416,WT,Rep1,366,0.8892862168749393
417,WT,Rep1,367,0.8664506538233043
418,WT,Rep1,368,0.9186351148365388
419,WT,Rep1,369,0.9304915828049763
420,WT,Rep1,370,0.8428785334192606
421,WT,Rep1,371,0.8987737401031473
422,WT,Rep1,372,0.9350831425929834
423,WT,Rep1,373,0.9487213993859078
424,WT,Rep1,374,0.8770034168704856
425,WT,Rep1,375,0.9401094415521112
426,WT,Rep1,376,0.9931483367410582
427,WT,Rep1,377,0.9222584868314426
428,WT,Rep1,378,0.9521198755420202
429,WT,Rep1,379,0.9655515932608392
430,WT,Rep1,380,1.0194572285142995
431,WT,Rep1,381,1.0114039207570265
432,WT,Rep1,382,0.987448162660961
433,WT,Rep1,383,1.0408677280978686
434,WT,Rep1,384,1.1049664107830146
435,WT,Rep1,385,1.058998393174923
436,WT,Rep1,386,1.0667307851667085
437,WT,Rep1,387,1.0542038299863707
438,WT,Rep1,388,1.080670317113297
439,WT,Rep1,389,1.1407815961775898
440,WT,Rep1,390,1.094475699013092
441,WT,Rep1,391,1.1159468164622577
442,WT,Rep1,392,1.1691910433528006
443,WT,Rep1,393,1.1428862108698294
444,WT,Rep1,394,1.191946960841499
445,WT,Rep1,395,1.1510675784927238
446,WT,Rep1,396,1.2168937915705775
447,WT,Rep1,397,1.244420840092988
448,WT,Rep1,398,1.2428113304702777
449,WT,Rep1,399,1.1877708044469244
450,WT,Rep1,400,1.2110047938953088
451,WT,Rep1,401,1.210358975653418
452,WT,Rep1,402,1.276471480516279
453,WT,Rep1,403,1.2546833037238154
454,WT,Rep1,404,1.242945453810284
455,WT,Rep1,405,1.2773915773123437
456,WT,Rep1,406,1.2865045024868855
457,WT,Rep1,407,1.3017701903524477
458,WT,Rep1,408,1.303479975829765
459,WT,Rep1,409,1.3207714881143149
460,WT,Rep1,410,1.3520866663606017
461,WT,Rep1,411,1.3653336799436204
462,WT,Rep1,412,1.3723345371373228
463,WT,Rep1,413,1.370511056293421
464,WT,Rep1,414,1.3519113222563457
465,WT,Rep1,415,1.331132102291595
466,WT,Rep1,416,1.368692941720773
467,WT,Rep1,417,1.3866065499875109
468,WT,Rep1,418,1.3928911884888535
469,WT,Rep1,419,1.3586515258236052
470,WT,Rep1,420,1.2868158004160248
471,WT,Rep1,421,1.4061221123406804
472,WT,Rep1,422,1.377962756576015
473,WT,Rep1,423,1.3163071924622094
474,WT,Rep1,424,1.3547303714463093
475,WT,Rep1,425,1.432131359880758
476,WT,Rep1,426,1.3736783635344474
477,WT,Rep1,427,1.392946671337487
478,WT,Rep1,428,1.407932471758634
479,WT,Rep1,429,1.31433674938565
480,WT,Rep1,430,1.3495407570497937
481,WT,Rep1,431,1.3285395383811522
482,WT,Rep1,432,1.3491614833220755
483,WT,Rep1,433,1.3392749884678143
484,WT,Rep1,434,1.3897053294698485
485,WT,Rep1,435,1.34007124228582
486,WT,Rep1,436,1.3550164669850735
487,WT,Rep1,437,1.315815600180082
488,WT,Rep1,438,1.3740715914117625
489,WT,Rep1,439,1.25175880650344
490,WT,Rep1,440,1.29286336155268
491,WT,Rep1,441,1.2802504168852629
492,WT,Rep1,442,1.3175093665049118
493,WT,Rep1,443,1.2860297390882989
494,WT,Rep1,444,1.256829408823282
495,WT,Rep1,445,1.2442347297431493
496,WT,Rep1,446,1.2203267529673236
497,WT,Rep1,447,1.2020018141235942
498,WT,Rep1,448,1.221102035025912
499,WT,Rep1,449,1.2011902452218342
500,WT,Rep1,450,1.170236170452147
501,WT,Rep1,451,1.1621994741647044
502,WT,Rep1,452,1.1297877776035297
503,WT,Rep1,453,1.1690744489247742
504,WT,Rep1,454,1.1587711303571504
505,WT,Rep1,455,1.1231140415654994
506,WT,Rep1,456,1.142185468866072
507,WT,Rep1,457,1.091123471854531
508,WT,Rep1,458,1.1338456328795885
509,WT,Rep1,459,1.088849663175545
510,WT,Rep1,460,1.0817826394735113
511,WT,Rep1,461,1.0595933214874926
512,WT,Rep1,462,1.0445869595203043
513,WT,Rep1,463,1.0357619425881663
514,WT,Rep1,464,1.021737889486223
515,WT,Rep1,465,1.076989971108931
516,WT,Rep1,466,1.0937505615588536
517,WT,Rep1,467,0.9881482349591788
518,WT,Rep1,468,1.0845498795118291
519,WT,Rep1,469,0.9859679918843454
520,WT,Rep1,470,0.934538754937172
521,WT,Rep1,471,1.0456578183906031
522,WT,Rep1,472,0.9358740038355404
523,WT,Rep1,473,1.0127878886830084
524,WT,Rep1,474,0.945713354904971
525,WT,Rep1,475,0.9128247685758804
526,WT,Rep1,476,0.959676258136174
527,WT,Rep1,477,0.8787806968036008
528,WT,Rep1,478,0.9089034804814556
529,WT,Rep1,479,0.9118305270202336
530,WT,Rep1,480,0.898582604752093
531,WT,Rep1,481,0.878360799513047
532,WT,Rep1,482,0.8498335083933569
533,WT,Rep1,483,0.8488377873523869
534,WT,Rep1,484,0.8909191824995425
535,WT,Rep1,485,0.8439088202812493
536,WT,Rep1,486,0.8880288517282697
537,WT,Rep1,487,0.8653178264998639
538,WT,Rep1,488,0.9147891974198956
539,WT,Rep1,489,0.7520793180215991
540,WT,Rep1,490,0.8443064172321756
541,WT,Rep1,491,0.8281591766013443
542,WT,Rep1,492,0.7527305407024762
543,WT,Rep1,493,0.7356687160525778
544,WT,Rep1,494,0.755584216374587
545,WT,Rep1,495,0.8212038048064344
546,WT,Rep1,496,0.8562608810516301
547,WT,Rep1,497,0.8355963046766146
548,WT,Rep1,498,0.7630209984218395
549,WT,Rep1,499,0.841848870277787
550,WT,Rep1,500,0.7748578894439806
551,WT,Rep1,501,0.8435155759488102
552,WT,Rep1,502,0.8315326311224925
553,WT,Rep1,503,0.7420238844332006
554,WT,Rep1,504,0.8197288893944363
555,WT,Rep1,505,0.8139029546124811
556,WT,Rep1,506,0.830530851622456
557,WT,Rep1,507,0.7930874713824764
558,WT,Rep1,508,0.7809406430793219
559,WT,Rep1,509,0.8029653317254266
560,WT,Rep1,510,0.7740547251740455
561,WT,Rep1,511,0.7946053187086464
562,WT,Rep1,512,0.7483431358687191
563,WT,Rep1,513,0.7761605391422726
564,WT,Rep1,514,0.8539674009614786
565,WT,Rep1,515,0.8079916173564209
566,WT,Rep1,516,0.7815856817304689
567,WT,Rep1,517,0.8084926621050909
568,WT,Rep1,518,0.7995437996393103
569,WT,Rep1,519,0.7859870927779633
570,WT,Rep1,520,0.7384596737383566
571,WT,Rep1,521,0.750669822791222
572,WT,Rep1,522,0.7615702742867448
573,WT,Rep1,523,0.8024294336006272
574,WT,Rep1,524,0.8016768073373944
575,WT,Rep1,525,0.8139986105816741
576,WT,Rep1,526,0.814211766384862
577,WT,Rep1,527,0.8955050341025745
578,WT,Rep1,528,0.7315578504183172
579,WT,Rep1,529,0.86954429011744
580,WT,Rep1,530,0.8539809861080054
581,WT,Rep1,531,0.8084574449640148
582,WT,Rep1,532,0.8463136895400318
583,WT,Rep1,533,0.889594636043664
584,WT,Rep1,534,0.8706467430711876
585,WT,Rep1,535,0.8768415143104397
586,WT,Rep1,536,0.9100755498472032
587,WT,Rep1,537,0.831576569662097
588,WT,Rep1,538,0.923943358973195
589,WT,Rep1,539,0.8363392684558874
590,WT,Rep1,540,0.9187765535991692
591,WT,Rep1,541,0.926759492972172
592,WT,Rep1,542,0.8612570261636301
593,WT,Rep1,543,0.8937441156191849
594,WT,Rep1,544,0.9685242555799486
595,WT,Rep1,545,0.916180339484936
596,WT,Rep1,546,0.9342200575054336
597,WT,Rep1,547,0.9733228772490862
598,WT,Rep1,548,0.9350375287872534
599,WT,Rep1,549,0.9311774753963308
600,WT,Rep1,550,0.9764896131840658
601,WT,Rep1,551,0.9629925325879156
602,WT,Rep1,552,1.0267458353856391
603,WT,Rep1,553,1.0548677992341768
604,WT,Rep1,554,1.0837400209273238
605,WT,Rep1,555,1.0155556623962054
606,WT,Rep1,556,1.0351313571954963
607,WT,Rep1,557,1.0664067345129564
608,WT,Rep1,558,1.0323680346437003
609,WT,Rep1,559,1.0527285332368843
610,WT,Rep1,560,1.120184028151064
611,WT,Rep1,561,1.1203937996359077
612,WT,Rep1,562,1.1189627168174463
613,WT,Rep1,563,1.0546563827746631
614,WT,Rep1,564,1.0971217680475789
615,WT,Rep1,565,1.1000559703637045
616,WT,Rep1,566,1.054585482523998
617,WT,Rep1,567,1.1642217552398728
618,WT,Rep1,568,1.1228604635004062
619,WT,Rep1,569,1.1909163314626685
620,WT,Rep1,570,1.1521060401129877
621,WT,Rep1,571,1.247518931220729
622,WT,Rep1,572,1.2438515034080193
623,WT,Rep1,573,1.1622842246172176
624,WT,Rep1,574,1.224293984768949
625,WT,Rep1,575,1.116515182329677
626,WT,Rep1,576,1.1951323052128366
627,WT,Rep1,577,1.1902052701535335
628,WT,Rep1,578,1.2232293595151762
629,WT,Rep1,579,1.216352464162414
630,WT,Rep1,580,1.2214981666032692
631,WT,Rep1,581,1.2012133945608918
632,WT,Rep1,582,1.2011828565406506
633,WT,Rep1,583,1.2244549470636157
634,WT,Rep1,584,1.2381249580754872
635,WT,Rep1,585,1.2531031070723169
636,WT,Rep1,586,1.2519681698533534
637,WT,Rep1,587,1.1712240374320737
638,WT,Rep1,588,1.217481890140011
639,WT,Rep1,589,1.198066673287362
640,WT,Rep1,590,1.260124995475975
641,WT,Rep1,591,1.276185775515339
642,WT,Rep1,592,1.230621337404462
643,WT,Rep1,593,1.263169783607656
644,WT,Rep1,594,1.2570600942009762
645,WT,Rep1,595,1.2189995456746872
646,WT,Rep1,596,1.240181427230912
647,WT,Rep1,597,1.2546089131031175
648,WT,Rep1,598,1.181311659148665
649,WT,Rep1,599,1.2361725300136062
650,WT,Rep1,600,1.1842657016052636
651,WT,Rep1,601,1.2289763138170715
652,WT,Rep1,602,1.1701288694896073
653,WT,Rep1,603,1.2075683852251358
654,WT,Rep1,604,1.13155634981762
655,WT,Rep1,605,1.1862516035332114
656,WT,Rep1,606,1.1927218147851402
657,WT,Rep1,607,1.1934567071395918
658,WT,Rep1,608,1.1004190790318051
659,WT,Rep1,609,1.1551151149305725
660,WT,Rep1,610,1.1071976068161518
661,WT,Rep1,611,1.1267246375110125
662,WT,Rep1,612,1.1019535674607217
663,WT,Rep1,613,1.0837513701922743
664,WT,Rep1,614,1.1300722806126489
665,WT,Rep1,615,1.0970867870082672
666,WT,Rep1,616,1.1511695017359105
667,WT,Rep1,617,1.0609924237177677
668,WT,Rep1,618,1.0697251705859352
669,WT,Rep1,619,1.0545627845053485
670,WT,Rep1,620,1.16439702940801
671,WT,Rep1,621,1.0563631600936454
672,WT,Rep1,622,1.1012365578100656
673,WT,Rep1,623,1.1497312053148565
674,WT,Rep1,624,1.0579925978898828
675,WT,Rep1,625,1.0393801223428327
676,WT,Rep1,626,1.1054081666983524
677,WT,Rep1,627,1.0333414548973587
678,WT,Rep1,628,1.0835567412439633
679,WT,Rep1,629,1.1026186026073683
680,WT,Rep1,630,1.0710522755965926
681,WT,Rep1,631,0.9873007437733308
682,WT,Rep1,632,1.0497554853931903
683,WT,Rep1,633,0.9362863341887404
684,WT,Rep1,634,1.0061315508954796
685,WT,Rep1,635,1.0226067321734698
686,WT,Rep1,636,0.9738547976517368
687,WT,Rep1,637,0.999996270069391
688,WT,Rep1,638,0.9255433749555768
689,WT,Rep1,639,1.0078419578752704
690,WT,Rep1,640,0.9280606527458832
691,WT,Rep1,641,0.9512053951937826
692,WT,Rep1,642,0.931381476294157
693,WT,Rep1,643,1.0175188573553455
694,WT,Rep1,644,1.0014676191807492
695,WT,Rep1,645,0.8618101145219699
696,WT,Rep1,646,0.9293748128682352
697,WT,Rep1,647,1.0050894010136495
698,WT,Rep1,648,0.8673136526748327
699,WT,Rep1,649,0.9329402170665672
700,WT,Rep1,650,0.8686369813341072
701,WT,Rep1,651,0.8698837363739499
702,WT,Rep1,652,0.9258884688475424
703,WT,Rep1,653,0.8783247868655725
704,WT,Rep1,654,0.7520363180484897
705,WT,Rep1,655,0.9049858928696524
706,WT,Rep1,656,0.8639206349827407
707,WT,Rep1,657,0.8770401684098411
708,WT,Rep1,658,0.7937666403124611
709,WT,Rep1,659,0.8677250503339955
710,WT,Rep1,660,0.9500848911118096
711,WT,Rep1,661,0.8664777930583869
712,WT,Rep1,662,0.7879130646889437
713,WT,Rep1,663,0.8149859365602652
714,WT,Rep1,664,0.8125442126271456
715,WT,Rep1,665,0.831896735544657
716,WT,Rep1,666,0.930281972173886
717,WT,Rep1,667,0.7318074180890013
718,WT,Rep1,668,0.8454758479420237
719,WT,Rep1,669,0.8199557710708258
720,WT,Rep1,670,0.829631229839967
721,WT,Rep1,671,0.8390681890662793
722,WT,Rep1,672,0.8179067045149626
723,WT,Rep1,673,0.8023572368117693
724,WT,Rep1,674,0.812547349265459
725,WT,Rep1,675,0.8304759208831941
726,WT,Rep1,676,0.816479470559874
727,WT,Rep1,677,0.8234256921730595
728,WT,Rep1,678,0.790434614013963
729,WT,Rep1,679,0.8309001165080091
730,WT,Rep1,680,0.8022301962171069
731,WT,Rep1,681,0.817329968612759
732,WT,Rep1,682,0.7652300786944017
733,WT,Rep1,683,0.8029921471981564
734,WT,Rep1,684,0.837956262533644
735,WT,Rep1,685,0.8319581989207173
736,WT,Rep1,686,0.8319950512003498
737,WT,Rep1,687,0.8327295341851931
738,WT,Rep1,688,0.8568339051721624
739,WT,Rep1,689,0.8376720220943574
740,WT,Rep1,690,0.8834316836900139
741,WT,Rep1,691,0.8091162378636012
742,WT,Rep1,692,0.8969969802728583
743,WT,Rep1,693,0.8663648599288409
744,WT,Rep1,694,0.8133678430005209
745,WT,Rep1,695,0.8386139348150984
746,WT,Rep1,696,0.9604973792444916
747,WT,Rep1,697,0.7839509407113777
748,WT,Rep1,698,0.8377506280342354
749,WT,Rep1,699,0.9420781082586768
750,WT,Rep1,700,0.9014012157331373
751,WT,Rep1,701,0.8502682326707605
752,WT,Rep1,702,0.8938624997078463
753,WT,Rep1,703,0.8856627980505176
754,WT,Rep1,704,0.8489313982696228
755,WT,Rep1,705,0.9278427533655303
756,WT,Rep1,706,0.896387719542182
757,WT,Rep1,707,0.8897683721046304
758,WT,Rep1,708,0.9054736352654288
759,WT,Rep1,709,0.8808451633455155
760,WT,Rep1,710,0.9448307217007792
761,WT,Rep1,711,0.9366707290630149
762,WT,Rep1,712,0.9021445290296556
763,WT,Rep1,713,0.9406498323676076
764,WT,Rep1,714,0.895682558039046
765,WT,Rep1,715,0.9224009582841328
766,WT,Rep1,716,0.9739271195273264
767,WT,Rep1,717,0.9345751045561702
768,WT,Rep1,718,0.9626703954797142
769,WT,Rep1,719,0.9772083818424818
770,WT,Rep1,720,0.9781699807165756
771,WT,Rep1,721,0.9730514831025872
772,WT,Rep1,722,0.997527617227504
773,WT,Rep1,723,0.9962886697878904
774,WT,Rep1,724,0.9679231334068242
775,WT,Rep1,725,1.086369421999993
776,WT,Rep1,726,1.061099450690177
777,WT,Rep1,727,1.0322225294905083
778,WT,Rep1,728,1.0458128778153517
779,WT,Rep1,729,1.11079429675329
780,WT,Rep1,730,1.0413108625395509
781,WT,Rep1,731,1.061311868767476
782,WT,Rep1,732,0.9929625289021784
783,WT,Rep1,733,1.07250414925711
784,WT,Rep1,734,1.0381351499194542
785,WT,Rep1,735,1.0827978196537744
786,WT,Rep1,736,1.104305226825404
787,WT,Rep1,737,1.0277802615260707
788,WT,Rep1,738,1.0391643169258151
789,WT,Rep1,739,1.069605943943519
790,WT,Rep1,740,1.0002239327637363
791,WT,Rep1,741,1.134216758094723
792,WT,Rep1,742,1.1210220220667413
793,WT,Rep1,743,1.1408130095873066
794,WT,Rep1,744,1.1515756624919915
795,WT,Rep1,745,1.070237341687241
796,WT,Rep1,746,1.120931454524316
797,WT,Rep1,747,1.1308008400589662
798,WT,Rep1,748,1.166313112727357
799,WT,Rep1,749,1.0706168862827574
800,WT,Rep1,750,1.097033515969292
801,WT,Rep1,751,1.1140469616429072
802,WT,Rep1,752,1.161392852068306
803,WT,Rep1,753,1.0795641313908149
804,WT,Rep1,754,1.034602371780912
805,WT,Rep1,755,1.1559250497271567
806,WT,Rep1,756,1.0846216289753072
807,WT,Rep1,757,1.079697519443097
808,WT,Rep1,758,1.0799754703358104
809,WT,Rep1,759,1.142833505723237
810,WT,Rep1,760,1.0864727064523243
811,WT,Rep1,761,1.0485800955408418
812,WT,Rep1,762,1.14376779173585
813,WT,Rep1,763,1.1471462352078814
814,WT,Rep1,764,1.057195994417392
815,WT,Rep1,765,1.093434561954449
816,WT,Rep1,766,1.107802138529696
817,WT,Rep1,767,1.0062502478983495
818,WT,Rep1,768,1.070154186968543
819,WT,Rep1,769,1.0869980830049697
820,WT,Rep1,770,1.037839385611239
821,WT,Rep1,771,1.0540153627360562
822,WT,Rep1,772,1.04110417349656
823,WT,Rep1,773,1.081979012690558
824,WT,Rep1,774,1.0660840667180511
825,WT,Rep1,775,1.0811979540896406
826,WT,Rep1,776,1.030403386841933
827,WT,Rep1,777,1.0554874832642678
828,WT,Rep1,778,1.0474769738674103
829,WT,Rep1,779,1.1026999709926375
830,WT,Rep1,780,1.0356780213554837
831,WT,Rep1,781,1.0166124255332725
832,WT,Rep1,782,1.0093370713793106
833,WT,Rep1,783,1.0258536264601723
834,WT,Rep1,784,1.001851728952886
835,WT,Rep1,785,1.040222087930485
836,WT,Rep1,786,0.9744309776086136
837,WT,Rep1,787,1.1129964615634316
838,WT,Rep1,788,1.0083619128467225
839,WT,Rep1,789,0.9508417838096148
840,WT,Rep1,790,1.107687574378447
841,WT,Rep1,791,0.9214248398791977
842,WT,Rep1,792,1.061745524311079
843,WT,Rep1,793,0.9822201200008728
844,WT,Rep1,794,1.0208418912611017
845,WT,Rep1,795,1.0051007508788818
846,WT,Rep1,796,0.9319850956330878
847,WT,Rep1,797,0.940087052631959
848,WT,Rep1,798,0.9417852328572724
849,WT,Rep1,799,0.9480415351229609
850,WT,Rep1,800,0.950370846494783
851,WT,Rep1,801,0.9328323693698326
852,WT,Rep1,802,0.9245705684993996
853,WT,Rep1,803,0.979348275214758
854,WT,Rep1,804,1.0105975133379477
855,WT,Rep1,805,0.9151921549134588
856,WT,Rep1,806,0.8463258963764019
857,WT,Rep1,807,0.8625403841964957
858,WT,Rep1,808,0.9902414377946226
859,WT,Rep1,809,0.915802350172949
860,WT,Rep1,810,1.0292877992395015
861,WT,Rep1,811,0.8633629887258379
862,WT,Rep1,812,0.9834761731347662
863,WT,Rep1,813,0.8663764298990149
864,WT,Rep1,814,0.7702166781212657
865,WT,Rep1,815,0.8654837103764252
866,WT,Rep1,816,0.8104776045435018
867,WT,Rep1,817,0.7829344748842842
868,WT,Rep1,818,0.8170187348320332
869,WT,Rep1,819,0.8795900028051571
870,WT,Rep1,820,0.804461960255593
871,WT,Rep1,821,0.8115598414795411
872,WT,Rep1,822,0.8812007926376245
873,WT,Rep1,823,0.8440746962359322
874,WT,Rep1,824,0.8346567088645523
875,WT,Rep1,825,0.8681369684622305
876,WT,Rep1,826,0.8798431871250832
877,WT,Rep1,827,0.8442448024408762
878,WT,Rep1,828,0.8339129894978724
879,WT,Rep1,829,0.8138634607284941
880,WT,Rep1,830,0.9227289920581028
881,WT,Rep1,831,0.7968086975666222
882,WT,Rep1,832,0.8720411460248946
883,WT,Rep1,833,0.7665771491214929
884,WT,Rep1,834,0.8120243895809593
885,WT,Rep1,835,0.8763902558828477
886,WT,Rep1,836,0.8211595805721986
887,WT,Rep1,837,0.858614142747302
888,WT,Rep1,838,0.898151819460387
889,WT,Rep1,839,0.8462523802166252
890,WT,Rep1,840,0.8222897415023833
891,WT,Rep1,841,0.8194795387419265
892,WT,Rep1,842,0.813667898246271
893,WT,Rep1,843,0.7612761662610068
894,WT,Rep1,844,0.8009123141513237
895,WT,Rep1,845,0.8578747588826863
896,WT,Rep1,846,0.8701947523580263
897,WT,Rep1,847,0.8235393782183043
898,WT,Rep1,848,0.8295550215936611
899,WT,Rep1,849,0.7812404762955889
900,WT,Rep1,850,0.8416562881906788
901,WT,Rep1,851,0.8085495252641111
902,WT,Rep1,852,0.872231048205877
903,WT,Rep1,853,0.8385608343264925
904,WT,Rep1,854,0.9275848931835232
905,WT,Rep1,855,0.8460132923280062
906,WT,Rep1,856,0.8209447430326978
907,WT,Rep1,857,0.9210864695180474
908,WT,Rep1,858,0.7539432323233635
909,WT,Rep1,859,0.8872197507146528
910,WT,Rep1,860,0.806187369752828
911,WT,Rep1,861,0.8847375956078095
912,WT,Rep1,862,0.8610493870970489
913,WT,Rep1,863,0.8807939286361656
914,WT,Rep1,864,0.9310659634741724
915,WT,Rep1,865,0.9065452319971272
916,WT,Rep1,866,0.8744601407162846
917,WT,Rep1,867,0.9243558513456572
918,WT,Rep1,868,0.8290161454878989
919,WT,Rep1,869,0.928743075857283
920,WT,Rep1,870,0.9248476422609496
921,WT,Rep1,871,0.9218137108346794
922,WT,Rep1,872,1.0025042416478296
923,WT,Rep1,873,0.9658051839987624
924,WT,Rep1,874,0.9516519495330544
925,WT,Rep1,875,0.9426247868262356
926,WT,Rep1,876,0.8481573090864736
927,WT,Rep1,877,0.8727248945089168
928,WT,Rep1,878,0.8853903454931835
929,WT,Rep1,879,0.9640495104600978
930,WT,Rep1,880,1.0146436256593676
931,WT,Rep1,881,0.901723866069825
932,WT,Rep1,882,1.0447184293707923
933,WT,Rep1,883,1.0054900105272817
934,WT,Rep1,884,0.9583739908712948
935,WT,Rep1,885,0.9944855724605062
936,WT,Rep1,886,0.9221027208507429
937,WT,Rep1,887,0.9927803716141104
938,WT,Rep1,888,0.9438654946852544
939,WT,Rep1,889,0.9369198870790244
940,WT,Rep1,890,0.9826287149978532
941,WT,Rep1,891,0.983259418225508
942,WT,Rep1,892,1.0966288991638713
943,WT,Rep1,893,0.9821313821836448
944,WT,Rep1,894,0.9128048541895384
945,WT,Rep1,895,0.9888654729805844
946,WT,Rep1,896,1.035923181077402
947,WT,Rep1,897,1.0187690300763148
948,WT,Rep1,898,1.0083438959531406
949,WT,Rep1,899,1.0122356251909714
950,WT,Rep1,900,1.098521381568325
951,WT,Rep1,901,1.0803196418959724
952,WT,Rep1,902,0.9748094295539276
953,WT,Rep1,903,0.9781916444970616
954,WT,Rep1,904,1.0924908038628651
955,WT,Rep1,905,1.0134304641635945
956,WT,Rep1,906,1.0479659486229804
957,WT,Rep1,907,1.0883098009037104
958,WT,Rep1,908,1.1196346101832104
959,WT,Rep1,909,1.0659070629816303
960,WT,Rep1,910,1.0693437288714351
961,WT,Rep1,911,0.9930730791053468
962,WT,Rep1,912,1.019150970460626
963,WT,Rep1,913,1.024314402865358
964,WT,Rep1,914,0.995354092867379
965,WT,Rep1,915,1.106079062774696
966,WT,Rep1,916,0.9950226248323758
967,WT,Rep1,917,1.145064232233365
968,WT,Rep1,918,1.0446712457199334
969,WT,Rep1,919,1.0071114138488426
970,WT,Rep1,920,0.9917357784279852
971,WT,Rep1,921,1.1005263104306666
972,WT,Rep1,922,1.0574832774036826
973,WT,Rep1,923,1.103482729908684
974,WT,Rep1,924,1.0348691122375548
975,WT,Rep1,925,1.0823333764904606
976,WT,Rep1,926,1.0696359660030463
977,WT,Rep1,927,1.0332340652782286
978,WT,Rep1,928,1.0122521987431183
979,WT,Rep1,929,1.0167846188237843
980,WT,Rep1,930,1.0198792231270275
981,WT,Rep1,931,1.066533350663721
982,WT,Rep1,932,1.0260477799143748
983,WT,Rep1,933,0.989884005242101
984,WT,Rep1,934,1.0354902224896465
985,WT,Rep1,935,1.0643217103325793
986,WT,Rep1,936,1.027562038151783
987,WT,Rep1,937,1.032020678567813
988,WT,Rep1,938,1.070016112228671
989,WT,Rep1,939,1.0009709871684906
990,WT,Rep1,940,0.9730061681402746
991,WT,Rep1,941,0.9911615546602472
992,WT,Rep1,942,1.0898772611885337
993,WT,Rep1,943,1.0360391403486993
994,WT,Rep1,944,0.956634328762952
995,WT,Rep1,945,0.9462373899568388
996,WT,Rep1,946,1.0403248303378236
997,WT,Rep1,947,0.9874979339641776
998,WT,Rep1,948,1.0097399240681315
999,WT,Rep1,949,0.9033834095913406
1000,WT,Rep1,950,0.953502164097932
1001,WT,Rep1,951,0.9568562941299932
1002,WT,Rep1,952,0.8991563291850935
1003,WT,Rep1,953,0.966452092251006
1004,WT,Rep1,954,0.9601821866767644
1005,WT,Rep1,955,0.9583153128163298
1006,WT,Rep1,956,0.9322398602782446
1007,WT,Rep1,957,0.9682639846039838
1008,WT,Rep1,958,0.9135860637966844
1009,WT,Rep1,959,0.9437529012401864
1010,WT,Rep1,960,0.974033224286528
1011,WT,Rep1,961,0.8934244514831485
1012,WT,Rep1,962,0.88223139764447
1013,WT,Rep1,963,0.9676805415235484
1014,WT,Rep1,964,0.9562781096152038
1015,WT,Rep1,965,0.9358363142781128
1016,WT,Rep1,966,0.9098746261471276
1017,WT,Rep1,967,0.93473101093888
1018,WT,Rep1,968,0.8494042258697281
1019,WT,Rep1,969,0.971041050734032
1020,WT,Rep1,970,0.9345286519151718
1021,WT,Rep1,971,0.8843918270963479
1022,WT,Rep1,972,0.9459844596243732
1023,WT,Rep1,973,0.9361977433614832
1024,WT,Rep1,974,0.8789324095602721
1025,WT,Rep1,975,0.8984736156707851
1026,WT,Rep1,976,0.8370330628866646
1027,WT,Rep1,977,0.85300496643441
1028,WT,Rep1,978,0.9137278528971488
1029,WT,Rep1,979,0.9356166955739864
1030,WT,Rep1,980,0.925517865986277
1031,WT,Rep1,981,0.8993705126956071
1032,WT,Rep1,982,0.8685761481916046
1033,WT,Rep1,983,0.817395522641035
1034,WT,Rep1,984,0.8487207372264218
1035,WT,Rep1,985,0.8597492326205096
1036,WT,Rep1,986,0.8810119968509186
1037,WT,Rep1,987,0.738267066257375
1038,WT,Rep1,988,0.8418895554935582
1039,WT,Rep1,989,0.8606176301333749
1040,WT,Rep1,990,0.8713087079104094
1041,WT,Rep1,991,0.8053937533620076
1042,WT,Rep1,992,0.8569838610575922
1043,WT,Rep1,993,0.8367554422217245
1044,WT,Rep1,994,0.9416467460227608
1045,WT,Rep1,995,0.825943561031938
1046,WT,Rep1,996,0.6785440709202265
1047,WT,Rep1,997,0.8591320322474033
1048,WT,Rep1,998,0.7941876007744508
1049,WT,Rep1,999,0.9012441206185948
1050,WT,Rep1,1000,0.8185146129081932
